"","r.squared.oob","r.squared","pseudo.r.squared","rmse.oob","rmse","nrmse","auc"
"1",0.812521109287829,0.966047839768823,0.982877326917669,0.930417626121139,0.424,0.407723391533772,NA
