"","r.squared.oob","r.squared","pseudo.r.squared","rmse.oob","rmse","nrmse","auc"
"1",0.814630961677932,0.968518129097485,0.984133186666056,1.28987821276928,0.5821,0.127958485679117,NA
