"","r.squared.oob","r.squared","pseudo.r.squared","rmse.oob","rmse","nrmse","auc"
"1",0.827679621439974,0.970294971281855,0.985035517776824,0.129882908056875,0.0587,0.136244686849905,NA
