"","r.squared.oob","r.squared","pseudo.r.squared","rmse.oob","rmse","nrmse","auc"
"1",0.79650323132499,0.964139775306506,0.981906194759207,0.977294880739128,0.445,0.222569779838112,NA
