"","r.squared.oob","r.squared","pseudo.r.squared","rmse.oob","rmse","nrmse","auc"
"1",0.877848210353733,0.978235189287593,0.989057727985375,2.86438399497216,1.2951,0.0985032350604959,NA
