"","r.squared.oob","r.squared","pseudo.r.squared","rmse.oob","rmse","nrmse","auc"
"1",0.861044258877635,0.975727092252604,0.987788991765247,2.02896017810794,0.9139,0.105706746325806,NA
