"","r.squared.oob","r.squared","pseudo.r.squared","rmse.oob","rmse","nrmse","auc"
"1",0.834977290751568,0.97107340787746,0.985430569790414,0.1414747233662,0.0642,0.137976606768157,NA
