"","r.squared.oob","r.squared","pseudo.r.squared","rmse.oob","rmse","nrmse","auc"
"1",0.844260641470582,0.972132267990585,0.985967681007134,0.152430932376753,0.0694,0.134674782829029,NA
