"","r.squared.oob","r.squared","pseudo.r.squared","rmse.oob","rmse","nrmse","auc"
"1",0.888855589043517,0.979533272570177,0.989713732636957,4.63064637917042,2.11,0.0913343704228811,NA
