"","r.squared.oob","r.squared","pseudo.r.squared","rmse.oob","rmse","nrmse","auc"
"1",0.886040048735886,0.979556073394627,0.989725251468622,3.72260314350355,1.6833,0.0934625365561065,NA
