Random_Fishnet,Distance_Slope
4957,-0.0204493
15242,0.0344529
120,0.0429483
9149,0.0185067
28084,0.0198484
3696,-0.009652037
11902,0.0447853
14326,0.00864128
6683,0.0220552
30531,-0.01574628
14190,0.0189502
22314,0.018749
28534,-0.01868384
36397,-0.01399269
10270,0.0227407
9187,0.030857
14127,0.0449457
20929,0.0394999
36048,0.0182662