"","r.squared.oob","r.squared","pseudo.r.squared","rmse.oob","rmse","nrmse","auc"
"1",0.794507133191525,0.970577003107767,0.985178665576842,0.150487682438206,0.0628,0.140790065514796,NA
