"","r.squared.oob","r.squared","pseudo.r.squared","rmse.oob","rmse","nrmse","auc"
"1",0.861735900819088,0.979777030868751,0.989836870837186,0.0801513515150976,0.0333,0.0923976776294455,NA
