"","r.squared.oob","r.squared","pseudo.r.squared","rmse.oob","rmse","nrmse","auc"
"1",0.794010297238369,0.970534736355334,0.985157214029991,0.150729406705442,0.0628,0.140735088259473,NA
