"","r.squared.oob","r.squared","pseudo.r.squared","rmse.oob","rmse","nrmse","auc"
"1",0.883901021453722,0.979774499014627,0.989835591911418,0.0934683043174688,0.041,0.102010363023788,NA
