"","r.squared.oob","r.squared","pseudo.r.squared","rmse.oob","rmse","nrmse","auc"
"1",0.728423621651814,0.96404650835721,0.981858700810463,0.176814187991148,0.0727,0.167560427623062,NA
