"","r.squared.oob","r.squared","pseudo.r.squared","rmse.oob","rmse","nrmse","auc"
"1",0.867140927336263,0.980636225767592,0.990270784062416,0.0717824479505682,0.0297,0.0935785273304557,NA
