"","r.squared.oob","r.squared","pseudo.r.squared","rmse.oob","rmse","nrmse","auc"
"1",0.796826973782348,0.972413861196632,0.986110471091668,0.0738218288902169,0.0303,0.116626410440605,NA
