"","r.squared.oob","r.squared","pseudo.r.squared","rmse.oob","rmse","nrmse","auc"
"1",0.855692552413324,0.97773827595172,0.988806490650077,0.0833232095864196,0.0354,0.106803484616675,NA
