"","r.squared.oob","r.squared","pseudo.r.squared","rmse.oob","rmse","nrmse","auc"
"1",0.786860618963968,0.97233458733626,0.986070275049532,0.0777945261227266,0.0316,0.122615998981581,NA
