"","r.squared.oob","r.squared","pseudo.r.squared","rmse.oob","rmse","nrmse","auc"
"1",0.833514991034394,0.975706992211894,0.987778817454543,0.0605989048333814,0.0253,0.108200023218748,NA
