"","r.squared.oob","r.squared","pseudo.r.squared","rmse.oob","rmse","nrmse","auc"
"1",0.834646999972374,0.975091844651517,0.987467389158506,0.0993482191437109,0.0423,0.117746011823913,NA
