"","r.squared.oob","r.squared","pseudo.r.squared","rmse.oob","rmse","nrmse","auc"
"1",0.871813462221124,0.981047192556506,0.990478264555314,0.0790822194290363,0.0329,0.0892961377630838,NA
