"","r.squared.oob","r.squared","pseudo.r.squared","rmse.oob","rmse","nrmse","auc"
"1",0.810199990653935,0.975138361303817,0.987490942390773,0.0611244313266984,0.0248,0.109096091234535,NA
