"","r.squared.oob","r.squared","pseudo.r.squared","rmse.oob","rmse","nrmse","auc"
"1",0.833783284586916,0.974506208970599,0.987170810432824,0.0758273647702102,0.0326,0.110440214099377,NA
