"","r.squared.oob","r.squared","pseudo.r.squared","rmse.oob","rmse","nrmse","auc"
"1",0.703507030649492,0.953018484930401,0.976226656535459,0.0913160688232321,0.0409,0.134930042709066,NA
