"","r.squared.oob","r.squared","pseudo.r.squared","rmse.oob","rmse","nrmse","auc"
"1",0.83391428600161,0.97451988917357,0.987177739403381,0.075797477733757,0.0326,0.110440214099377,NA
