"","r.squared.oob","r.squared","pseudo.r.squared","rmse.oob","rmse","nrmse","auc"
"1",0.898284251297714,0.984099424047379,0.99201785470191,0.0683694693645816,0.0288,0.113151058207633,NA
