"","r.squared.oob","r.squared","pseudo.r.squared","rmse.oob","rmse","nrmse","auc"
"1",0.814991954087739,0.974268489687791,0.987050398757729,0.0895711214483762,0.0383,0.111366045664385,NA
