"","r.squared.oob","r.squared","pseudo.r.squared","rmse.oob","rmse","nrmse","auc"
"1",0.894031935669215,0.982860470747281,0.991393196843352,0.0668399852438373,0.0286,0.0731437457124631,NA
