"","r.squared.oob","r.squared","pseudo.r.squared","rmse.oob","rmse","nrmse","auc"
"1",0.839306238414167,0.972145160923168,0.985974219198031,0.081108235196227,0.0364,0.122212748616764,NA
