"","r.squared.oob","r.squared","pseudo.r.squared","rmse.oob","rmse","nrmse","auc"
"1",0.76061424777105,0.965922205332484,0.982813413284782,0.140975112982729,0.0601,0.179945602686372,NA
