"","r.squared.oob","r.squared","pseudo.r.squared","rmse.oob","rmse","nrmse","auc"
"1",0.650706738116727,0.964535506244554,0.982107685666167,0.166228437239703,0.0704,0.171690878643879,NA
