"","r.squared.oob","r.squared","pseudo.r.squared","rmse.oob","rmse","nrmse","auc"
"1",0.804043954814686,0.971083066478196,0.985435470479014,0.135189682297178,0.0583,0.126926873465451,NA
