"","r.squared.oob","r.squared","pseudo.r.squared","rmse.oob","rmse","nrmse","auc"
"1",0.995976073148818,0.999396584652002,0.999698246798504,0.00748036169908192,0.0029,0.0167057969461485,NA
