"","r.squared.oob","r.squared","pseudo.r.squared","rmse.oob","rmse","nrmse","auc"
"1",0.87915920679002,0.957626932760465,0.978584147000382,0.0809459639767393,0.0488,0.106151482982097,NA
