"","r.squared.oob","r.squared","pseudo.r.squared","rmse.oob","rmse","nrmse","auc"
"1",0.800485807486017,0.972297316841863,0.986051376370351,0.0756452188888863,0.0316,0.125436130863178,NA
