"","r.squared.oob","r.squared","pseudo.r.squared","rmse.oob","rmse","nrmse","auc"
"1",0.803789409785054,0.970758351950454,0.98527069983353,0.147863200844904,0.0629,0.131765310156228,NA
