"","r.squared.oob","r.squared","pseudo.r.squared","rmse.oob","rmse","nrmse","auc"
"1",0.618471812907378,0.959747166132106,0.979666864874028,0.102970804811268,0.0444,0.190401615834203,NA
