"","r.squared.oob","r.squared","pseudo.r.squared","rmse.oob","rmse","nrmse","auc"
"1",0.784174940659734,0.972225051086841,0.986014731678407,0.0501531411031317,0.021,0.141256528112067,NA
