"","r.squared.oob","r.squared","pseudo.r.squared","rmse.oob","rmse","nrmse","auc"
"1",0.841871204287144,0.97819016181371,0.989034964909588,0.0890619651875115,0.0367,0.123074460163271,NA
