"","r.squared.oob","r.squared","pseudo.r.squared","rmse.oob","rmse","nrmse","auc"
"1",0.850038571552941,0.97842031753297,0.989151311748092,0.0629863010613219,0.0264,0.127560751418406,NA
