"","r.squared.oob","r.squared","pseudo.r.squared","rmse.oob","rmse","nrmse","auc"
"1",0.849931721118274,0.978878583343988,0.989382930590572,0.105242396543411,0.0444,0.102869885666902,NA
