"","r.squared.oob","r.squared","pseudo.r.squared","rmse.oob","rmse","nrmse","auc"
"1",0.933975977115567,0.988871671025448,0.994420268812663,0.0674061875848979,0.0287,0.0814885939458172,NA
