"","r.squared.oob","r.squared","pseudo.r.squared","rmse.oob","rmse","nrmse","auc"
"1",0.901488806974944,0.982904986082479,0.991415647487208,0.0886631852121138,0.039,0.0931513206676417,NA
