"","r.squared.oob","r.squared","pseudo.r.squared","rmse.oob","rmse","nrmse","auc"
"1",0.767203605211157,0.969783269113017,0.984775745595421,0.0709522567084346,0.0301,0.117902056712205,NA
