"","r.squared.oob","r.squared","pseudo.r.squared","rmse.oob","rmse","nrmse","auc"
"1",0.719674458551067,0.96554083579648,0.982619374832636,0.147547964720294,0.0616,0.133730170350243,NA
