"","r.squared.oob","r.squared","pseudo.r.squared","rmse.oob","rmse","nrmse","auc"
"1",0.76164634527673,0.96234718980033,0.980992961136995,0.153663355311955,0.0669,0.204033758828924,NA
