"","r.squared.oob","r.squared","pseudo.r.squared","rmse.oob","rmse","nrmse","auc"
"1",0.841058757550573,0.975284928718051,0.987565151632059,0.127962575706359,0.054,0.135068546634127,NA
