"","r.squared.oob","r.squared","pseudo.r.squared","rmse.oob","rmse","nrmse","auc"
"1",0.558875655060996,0.941192076966127,0.970150543455049,0.237061337819638,0.104,0.229517721519823,NA
