"","r.squared.oob","r.squared","pseudo.r.squared","rmse.oob","rmse","nrmse","auc"
"1",0.652313785155858,0.952764155096746,0.976096386171338,0.203012682987156,0.0883,0.171126834478885,NA
