"","r.squared.oob","r.squared","pseudo.r.squared","rmse.oob","rmse","nrmse","auc"
"1",0.617710065982151,0.933383309922667,0.966117648075361,0.202224143069431,0.0905,0.188701780580567,NA
