"","r.squared.oob","r.squared","pseudo.r.squared","rmse.oob","rmse","nrmse","auc"
"1",0.754295240367847,0.96755835378251,0.983645441092729,0.143192371297666,0.0593,0.178593476648261,NA
