"","r.squared.oob","r.squared","pseudo.r.squared","rmse.oob","rmse","nrmse","auc"
"1",0.807592982375157,0.966247815891088,0.982979051603384,0.0621393537617984,0.028,0.118441085586602,NA
