"","r.squared.oob","r.squared","pseudo.r.squared","rmse.oob","rmse","nrmse","auc"
"1",0.543530509250861,0.950808264555198,0.975093977294085,0.0842467589424494,0.0353,0.176141694807308,NA
