"","r.squared.oob","r.squared","pseudo.r.squared","rmse.oob","rmse","nrmse","auc"
"1",0.724571700529414,0.956779376483266,0.978150998815247,0.0617076870376838,0.0276,0.135984083295577,NA
