"","r.squared.oob","r.squared","pseudo.r.squared","rmse.oob","rmse","nrmse","auc"
"1",0.900342410362082,0.984208289897873,0.992072724097318,0.0504841357409677,0.0214,0.110021229522407,NA
