"","r.squared.oob","r.squared","pseudo.r.squared","rmse.oob","rmse","nrmse","auc"
"1",0.851585567662765,0.97798371556328,0.988930591883617,0.052074305157209,0.022,0.107849861852541,NA
