"","r.squared.oob","r.squared","pseudo.r.squared","rmse.oob","rmse","nrmse","auc"
"1",0.80714769744442,0.971143482887551,0.985466124677835,0.0608586906492087,0.0267,0.113337558482758,NA
