"","r.squared.oob","r.squared","pseudo.r.squared","rmse.oob","rmse","nrmse","auc"
"1",0.746260637481248,0.973726020950912,0.986775567670234,0.108494147397137,0.0459,0.160160218192267,NA
