"","r.squared.oob","r.squared","pseudo.r.squared","rmse.oob","rmse","nrmse","auc"
"1",0.642019523000318,0.866044402367057,0.930615066698932,0.166824055856122,0.1092,0.241708199256408,NA
