"","r.squared.oob","r.squared","pseudo.r.squared","rmse.oob","rmse","nrmse","auc"
"1",0.836832934725513,0.977414415130529,0.988642713587942,0.0966748903575818,0.0403,0.118002373146592,NA
