"","r.squared.oob","r.squared","pseudo.r.squared","rmse.oob","rmse","nrmse","auc"
"1",0.808863639280819,0.970567344394999,0.985173763553922,0.111128100904505,0.0498,0.148375763931306,NA
