"","r.squared.oob","r.squared","pseudo.r.squared","rmse.oob","rmse","nrmse","auc"
"1",0.837563230895777,0.974937238441703,0.98738910184471,0.0928592804934834,0.0402,0.11995607851127,NA
