"","r.squared.oob","r.squared","pseudo.r.squared","rmse.oob","rmse","nrmse","auc"
"1",0.788437148282651,0.970233676026551,0.985004404064546,0.0779912172293832,0.0331,0.138514422962415,NA
