"","r.squared.oob","r.squared","pseudo.r.squared","rmse.oob","rmse","nrmse","auc"
"1",0.880589628737145,0.982115580743833,0.991017447244918,0.0747947139729839,0.0313,0.0959952986351807,NA
