"","r.squared.oob","r.squared","pseudo.r.squared","rmse.oob","rmse","nrmse","auc"
"1",0.822698779787516,0.973067626584318,0.986441902285339,0.0596126394717154,0.0254,0.120024979636303,NA
