"","r.squared.oob","r.squared","pseudo.r.squared","rmse.oob","rmse","nrmse","auc"
"1",0.832577704871886,0.976076198878223,0.987965687095571,0.0665767874687042,0.0284,0.0978578616692787,NA
