"","r.squared.oob","r.squared","pseudo.r.squared","rmse.oob","rmse","nrmse","auc"
"1",0.81011759068451,0.973701894487508,0.986763342695455,0.0717264850035958,0.0307,0.101587844059417,NA
