"","r.squared.oob","r.squared","pseudo.r.squared","rmse.oob","rmse","nrmse","auc"
"1",0.800258833038125,0.970567237955496,0.985173709533246,0.0383403941352759,0.0164,0.520469242004351,NA
