"","r.squared.oob","r.squared","pseudo.r.squared","rmse.oob","rmse","nrmse","auc"
"1",0.934232178726464,0.988091929536478,0.994028133171531,0.0544171050167381,0.0238,0.146917870027701,NA
