"","r.squared.oob","r.squared","pseudo.r.squared","rmse.oob","rmse","nrmse","auc"
"1",0.786383627924094,0.968730062915638,0.984240856150383,0.0847557772048891,0.0364,0.120742831983829,NA
