"","r.squared.oob","r.squared","pseudo.r.squared","rmse.oob","rmse","nrmse","auc"
"1",0.881324679801745,0.981701375171655,0.990808445246434,0.0765899075359277,0.0324,0.0772347495127424,NA
