"","r.squared.oob","r.squared","pseudo.r.squared","rmse.oob","rmse","nrmse","auc"
"1",0.840786376649411,0.975973080359473,0.987913498419509,0.0877807944903458,0.0383,0.107391101985114,NA
