"","r.squared.oob","r.squared","pseudo.r.squared","rmse.oob","rmse","nrmse","auc"
"1",0.842855163925534,0.976065096938335,0.987960068493831,0.080084188589407,0.0349,0.117345483653261,NA
