"","r.squared.oob","r.squared","pseudo.r.squared","rmse.oob","rmse","nrmse","auc"
"1",0.757957961066437,0.965858930254173,0.98278122196864,0.0602280967135436,0.0258,0.156596367020603,NA
