"","r.squared.oob","r.squared","pseudo.r.squared","rmse.oob","rmse","nrmse","auc"
"1",0.755761166604504,0.963618719253378,0.981640830066363,0.0874953768348246,0.0383,0.126406161497124,NA
