"","r.squared.oob","r.squared","pseudo.r.squared","rmse.oob","rmse","nrmse","auc"
"1",0.829445309321418,0.975535753083307,0.987692134768373,0.0614321937730367,0.0258,0.11604297933902,NA
