"","r.squared.oob","r.squared","pseudo.r.squared","rmse.oob","rmse","nrmse","auc"
"1",0.784600278114779,0.968455912993609,0.984101576562912,0.0829265167378865,0.036,0.116326698179041,NA
