"","r.squared.oob","r.squared","pseudo.r.squared","rmse.oob","rmse","nrmse","auc"
"1",0.831918464919586,0.973887283594339,0.986857276202764,0.0567209488593755,0.0244,0.15512673114892,NA
