"","r.squared.oob","r.squared","pseudo.r.squared","rmse.oob","rmse","nrmse","auc"
"1",0.834219566922586,0.975859357057198,0.987855939424974,0.0637699339059261,0.0268,0.128131415742284,NA
