"","r.squared.oob","r.squared","pseudo.r.squared","rmse.oob","rmse","nrmse","auc"
"1",0.825637214756203,0.970355002605018,0.985065988959632,0.0557332320332364,0.0246,0.104557335323833,NA
