"","r.squared.oob","r.squared","pseudo.r.squared","rmse.oob","rmse","nrmse","auc"
"1",0.818543530420678,0.972900328370704,0.986357099822728,0.0495819279627583,0.0213,0.114844071885298,NA
