"","r.squared.oob","r.squared","pseudo.r.squared","rmse.oob","rmse","nrmse","auc"
"1",0.820949450745713,0.974398945612825,0.987116480266045,0.0627251894022558,0.0263,0.10795101275929,NA
