"","r.squared.oob","r.squared","pseudo.r.squared","rmse.oob","rmse","nrmse","auc"
"1",0.851139648775091,0.977719068578522,0.98879677819991,0.0552170919091138,0.0236,0.116273162542089,NA
