"","r.squared.oob","r.squared","pseudo.r.squared","rmse.oob","rmse","nrmse","auc"
"1",0.767860647751954,0.96931301102325,0.984536952594086,0.0472362842278174,0.0198,0.1538044399327,NA
