"","r.squared.oob","r.squared","pseudo.r.squared","rmse.oob","rmse","nrmse","auc"
"1",0.837119949898001,0.977824478511608,0.988850078885373,0.074871367903481,0.0315,0.102289780429801,NA
