"","r.squared.oob","r.squared","pseudo.r.squared","rmse.oob","rmse","nrmse","auc"
"1",0.86847780014812,0.980762303808692,0.990334440382991,0.0740829172810605,0.031,0.0962101879707224,NA
