"","r.squared.oob","r.squared","pseudo.r.squared","rmse.oob","rmse","nrmse","auc"
"1",0.717152752587567,0.957618264102441,0.978579717806598,0.0849584157349123,0.0371,0.141412977187915,NA
