"","r.squared.oob","r.squared","pseudo.r.squared","rmse.oob","rmse","nrmse","auc"
"1",0.842213796173517,0.976899760999045,0.988382396139796,0.0854892557762735,0.0365,0.113309639362307,NA
