"","r.squared.oob","r.squared","pseudo.r.squared","rmse.oob","rmse","nrmse","auc"
"1",0.793456924931494,0.9705463397474,0.985163103119174,0.0894999526907837,0.038,0.134322302631856,NA
