"","r.squared.oob","r.squared","pseudo.r.squared","rmse.oob","rmse","nrmse","auc"
"1",0.914152503150742,0.98571378037323,0.992831194299026,0.0704373917424324,0.0301,0.0906758427836978,NA
