"","mtry","RMSE","Rsquared","MAE","RMSESD","RsquaredSD","MAESD"
"1",2,0.116753311782311,0.709001766732903,0.0870800429148124,0.0046450444956338,0.0236639385497641,0.00329414771659759
"2",3,0.117509968669743,0.704287436438227,0.0863876108605397,0.00491488383243208,0.0247982033874037,0.00350460719611057
"3",5,0.119684946308007,0.693181488945511,0.0874115969794721,0.005107685350794,0.0258926423481267,0.00370123639189827
