"","mtry","RMSE","Rsquared","MAE","RMSESD","RsquaredSD","MAESD"
"1",2,0.112282103879979,0.729374061023272,0.0824588155020835,0.0042998063928057,0.0210518503179378,0.00296286696518555
"2",3,0.114444736844878,0.718562983006736,0.082549744781323,0.00459514029513543,0.0226589694060771,0.00308843495686601
"3",4,0.116131025080426,0.710368498047107,0.0835804843707954,0.0046961499245935,0.0234902942673802,0.00315972778075567
