"","mtry","RMSE","Rsquared","MAE","RMSESD","RsquaredSD","MAESD"
"1",2,0.118613782879013,0.701785268864331,0.0883147764771485,0.00471790876154351,0.0256654869339801,0.00326686211209426
"2",3,0.119354626138414,0.697244648192589,0.0875742373496265,0.00501188278130517,0.0271145583027483,0.00343364164870269
"3",5,0.121699287023627,0.685175683343154,0.088786124147112,0.00535998313882317,0.0291588725735853,0.00367331984556551
