"","mtry","RMSE","Rsquared","MAE","RMSESD","RsquaredSD","MAESD"
"1",2,0.115175402951854,0.71779786229461,0.0859653253630895,0.00496464754888681,0.0265868943049981,0.00354077506584325
"2",3,0.115979524646813,0.712882395830684,0.0852759710874425,0.00518977572998386,0.027567976093273,0.00363841511333887
"3",5,0.118086384248637,0.70216481813063,0.086127115762136,0.00545767254771377,0.029262739147684,0.00377067237104989
