"","mtry","RMSE","Rsquared","MAE","RMSESD","RsquaredSD","MAESD"
"1",2,0.216978715569413,0.579373728628972,0.15534744900758,0.0119049921618425,0.0486033780158358,0.00783056841743182
"2",3,0.218584692973853,0.571171452395617,0.154293000014023,0.0120847334710914,0.0491918268092518,0.00801703463675468
"3",5,0.223283218020523,0.552549902448793,0.157524104826785,0.0122362631846704,0.0501036709427105,0.00835730988612336
