"","mtry","RMSE","Rsquared","MAE","RMSESD","RsquaredSD","MAESD"
"1",2,0.222133863101868,0.553493873172394,0.157645516551439,0.00949960597963264,0.0376664382826287,0.00688368258179869
"2",3,0.22302885654748,0.548157324877764,0.155496007138104,0.00939665067392584,0.0370422957575507,0.00674971996960194
"3",5,0.225929891135656,0.536610699770395,0.15706266675171,0.00949090041987443,0.0380352273248356,0.00676991083210861
