"","mtry","RMSE","Rsquared","MAE","RMSESD","RsquaredSD","MAESD"
"1",2,0.214344181688014,0.58891051031709,0.148882778397392,0.0092197349481361,0.0370464458699377,0.00667306174625022
"2",3,0.218584814568662,0.572613885409058,0.148821844116722,0.00931638314402151,0.0366111422557996,0.0066925340187525
"3",4,0.220448266949146,0.565822045790099,0.149872711425539,0.00950306881509835,0.0371463775310728,0.00678406517670766
