"","mtry","RMSE","Rsquared","MAE","RMSESD","RsquaredSD","MAESD"
"1",2,0.327783079523358,0.535351544212388,0.208826909321251,0.0232672124078793,0.0531405717281042,0.0122526094380059
"2",3,0.335097826991269,0.514995041417662,0.21148499825235,0.0231666665198919,0.0532412454578552,0.0123964827599076
"3",4,0.33891679035873,0.504896447623434,0.214231820369888,0.0234587558249666,0.0540944373624847,0.0124632690437556
