"","mtry","RMSE","Rsquared","MAE","RMSESD","RsquaredSD","MAESD"
"1",2,0.220892347008395,0.559118273493272,0.157643030293906,0.0106655648081674,0.0457920913663612,0.00761547202260705
"2",3,0.223053937060833,0.548532879334569,0.156934702498733,0.0111505921764484,0.0469722220494754,0.0078975718750093
"3",5,0.226965023246245,0.532877144083222,0.159296496841274,0.0119715225586848,0.0501383890283997,0.0082065768224186
