"","mtry","RMSE","Rsquared","MAE","RMSESD","RsquaredSD","MAESD"
"1",2,0.0994332514778368,0.652978862046411,0.0731746270577321,0.00468800163972765,0.0328808181089836,0.0031377941684812
"2",3,0.099298652464967,0.652742013600842,0.0723331110215969,0.00484068032688157,0.0334842847704341,0.0032256424819625
"3",5,0.100725984453787,0.642568112526171,0.0730542919093735,0.00494825639532782,0.0342203485311487,0.00330610382324926
