"","mtry","RMSE","Rsquared","MAE","RMSESD","RsquaredSD","MAESD"
"1",2,0.101061338091527,0.644732000084988,0.0746016056742267,0.00451739986061937,0.030083998975615,0.00322668861158562
"2",3,0.101287822053304,0.642028980057453,0.0739024870057223,0.00471206121381506,0.0314710501989271,0.00326043528892279
"3",5,0.103203573142395,0.62840851528257,0.0750033802479599,0.00486843633335533,0.0331166401954331,0.0033397580290277
