"","mtry","RMSE","Rsquared","MAE","RMSESD","RsquaredSD","MAESD"
"1",2,0.0981474474066864,0.661812916868999,0.071294182257053,0.00422987893670539,0.0293074685988223,0.00266710154257836
"2",3,0.0997010540751843,0.650898335654168,0.0715646252841709,0.00449472141028324,0.0313819020742173,0.00282850180405375
"3",4,0.101212042809251,0.64065475990575,0.0726240777059373,0.00460740621323572,0.0321510734441949,0.00289621978096127
