"","mtry","RMSE","Rsquared","MAE","RMSESD","RsquaredSD","MAESD"
"1",2,0.365348562449557,0.544813471590085,0.240069941045549,0.0172639663396227,0.0338765072500139,0.00962448214510449
"2",3,0.369462764805834,0.535121874791135,0.241878732982459,0.0171598088264345,0.0343967935745438,0.00975758344737178
"3",4,0.372009205899994,0.529477500150429,0.243755135186411,0.0178632836101042,0.0355422165997035,0.0101320546808365
