"","mtry","RMSE","Rsquared","MAE","RMSESD","RsquaredSD","MAESD"
"1",2,0.101351807558199,0.635724844906056,0.0747948420704124,0.00450520376304019,0.0305517512477382,0.00334139091478631
"2",3,0.101796967891467,0.631292888378989,0.074195995412565,0.00445933937691113,0.0309653804829482,0.00327988211775777
"3",5,0.103684892959452,0.61752380832043,0.075208678610986,0.00450206635149634,0.0318045104674531,0.00327807441022334
