"","mtry","RMSE","Rsquared","MAE","RMSESD","RsquaredSD","MAESD"
"1",2,0.129552987966206,0.777788259801945,0.0940984679971545,0.00453691450153023,0.0171104005981813,0.00307052891742137
"2",3,0.131701968385762,0.769917589173335,0.0939731108833599,0.00490607547020706,0.018275553233335,0.0032178760061068
"3",4,0.133377307343088,0.764144690199444,0.0947733735642707,0.00506768602052073,0.0189557965475185,0.00331078331411258
