"","mtry","RMSE","Rsquared","MAE","RMSESD","RsquaredSD","MAESD"
"1",2,0.135691753516683,0.757724563485562,0.10102802886791,0.00456647307737807,0.0176091743723743,0.00332685563296247
"2",3,0.136326245109582,0.754434510476398,0.100018421029405,0.0047171208700538,0.0180523823483326,0.00337918850440363
"3",5,0.138585692014803,0.746148087346862,0.101118879019513,0.00491100007503995,0.0188610365521213,0.00353835411401547
