"","mtry","RMSE","Rsquared","MAE","RMSESD","RsquaredSD","MAESD"
"1",2,0.133956683106296,0.762072872190588,0.0989985173024395,0.00510870944930302,0.0188087337024919,0.00363132343221862
"2",3,0.134413926105449,0.759483601850428,0.0979032887275136,0.00512462684604258,0.018992580799855,0.00368682031612168
"3",5,0.136429741986609,0.75213938377317,0.0988422017226861,0.00506859432315518,0.0192697482780203,0.00371050572251917
