"","mtry","RMSE","Rsquared","MAE","RMSESD","RsquaredSD","MAESD"
"1",2,0.133101864330914,0.763732325699642,0.0989975576896175,0.00488482496840807,0.0181526424986913,0.00338383342350154
"2",3,0.133381842726622,0.761608322125577,0.097853084675427,0.00504855213526212,0.0184292071338922,0.00339243462883338
"3",5,0.136237815081155,0.751149943485349,0.099349982332902,0.00514462750164159,0.0190433403961858,0.00342930412557917
