"","mtry","RMSE","Rsquared","MAE","RMSESD","RsquaredSD","MAESD"
"1",2,0.0833918380425142,0.692131563890399,0.06295902486697,0.00406502075200284,0.0349913305705676,0.00285310297982716
"2",3,0.0831233797730622,0.692435215673527,0.0619208365086844,0.0042062390895089,0.035820506525343,0.00293268539116531
"3",5,0.0837199286606172,0.687570603233408,0.0619550123749298,0.00419715995459298,0.0356040331483196,0.00295251664515941
