"","mtry","RMSE","Rsquared","MAE","RMSESD","RsquaredSD","MAESD"
"1",2,0.0823068763284238,0.700419410409553,0.061810449003917,0.00423079401395978,0.0336969186461442,0.00322133093598277
"2",3,0.082012855308778,0.700992340348038,0.060705691803138,0.00424030709645681,0.0335135093999586,0.00322118841781248
"3",5,0.0826483259804197,0.69581300319307,0.0606814940050199,0.00441892432612777,0.0349115449650944,0.00329733233570909
