"","mtry","RMSE","Rsquared","MAE","RMSESD","RsquaredSD","MAESD"
"1",2,0.0818131591011422,0.699883696670889,0.0612085582662531,0.00402162568130215,0.0293091637336889,0.00291317096254175
"2",3,0.0819102640925582,0.69761031655366,0.0602794435622809,0.00426059611201403,0.0307913058474112,0.00296571769323415
"3",5,0.0828540162928878,0.690283915403107,0.06046094260757,0.00443491954295723,0.0319777226289767,0.00299413560844046
