"","mtry","RMSE","Rsquared","MAE","RMSESD","RsquaredSD","MAESD"
"1",2,0.0786351524217938,0.715847576890756,0.0579854127137119,0.00392933557457185,0.0297128327620416,0.00257976509932631
"2",3,0.0799319040520645,0.705811969316578,0.058067716238933,0.00408530814694375,0.031178587126809,0.00277005654992234
"3",4,0.08062334205543,0.7008323691855,0.0585036654785004,0.00410196800851456,0.0314539282373695,0.00276752071138429
