"","mtry","RMSE","Rsquared","MAE","RMSESD","RsquaredSD","MAESD"
"1",2,0.350565968668339,0.502998092876304,0.257678343491873,0.00997987420420065,0.0283261403301281,0.00764147880383848
"2",3,0.356127137615868,0.488722756058128,0.257832023551663,0.0105092694811053,0.0290097677468944,0.00811638592974419
"3",4,0.38577474714242,0.423056891058818,0.269443026094976,0.0121163244188051,0.0313789578560816,0.00964893728668655
