"","mtry","RMSE","Rsquared","MAE","RMSESD","RsquaredSD","MAESD"
"1",2,0.221720844300129,0.574301868339029,0.157564802427712,0.00895647338006355,0.0313272022756936,0.00594574666707509
"2",3,0.225111523613771,0.561885185232603,0.158604866517134,0.0089648785432121,0.0313754480562812,0.00605033508100306
"3",4,0.226897640136992,0.555499211986568,0.159828071439717,0.00894160640535373,0.0318295732317545,0.00612064506307779
