"","mtry","RMSE","Rsquared","MAE","RMSESD","RsquaredSD","MAESD"
"1",2,0.0852757037422591,0.671227321046276,0.0660690091406774,0.00306453277946535,0.0274450965968748,0.00212388280998123
"2",3,0.0852419448688077,0.669698032819279,0.0646262599650932,0.00330427007842358,0.0286568064834721,0.00216345864770302
"3",5,0.0864005400770995,0.660626462967203,0.0647367221702772,0.00352417621685758,0.0304795525676715,0.00227915006513271
