"","mtry","RMSE","Rsquared","MAE","RMSESD","RsquaredSD","MAESD"
"1",2,0.0873632380139709,0.655325233211532,0.0674229568566368,0.00396388663806204,0.0342157734884047,0.00293422813328452
"2",3,0.0877921060359487,0.650564291971769,0.0664019835227485,0.00410934256754204,0.0345311431561656,0.00298473803255693
"3",5,0.0890995413742155,0.64043188761161,0.0666703875319575,0.00408865595151629,0.03410827103965,0.00290713210575701
