"","mtry","RMSE","Rsquared","MAE","RMSESD","RsquaredSD","MAESD"
"1",2,0.0866373329459639,0.659092834391955,0.0669034727638138,0.00314245658849726,0.0262008730291764,0.00242529620819686
"2",3,0.0868214267050023,0.656324851543107,0.0657415909455821,0.003250786119648,0.0263133487197774,0.00247842451114873
"3",5,0.0876872484755774,0.649536899742352,0.0656534772602434,0.00338157363725027,0.0267976541685273,0.00255144477845724
