"","mtry","RMSE","Rsquared","MAE","RMSESD","RsquaredSD","MAESD"
"1",2,0.0828148518648505,0.689324268383285,0.0621025494551626,0.0032434766261296,0.0265035035827407,0.0022345141867227
"2",3,0.084134471520979,0.679086091748517,0.061425557191729,0.00345643544057971,0.0274457836606822,0.00248676364572308
"3",4,0.084876499582022,0.673678643928517,0.0618106425377399,0.00345220276779901,0.0274835649921982,0.00251485161117756
