"","mtry","RMSE","Rsquared","MAE","RMSESD","RsquaredSD","MAESD"
"1",2,0.12530908833624,0.738801410825006,0.0919249334755063,0.00543794173282581,0.0247827303388908,0.00381402574224842
"2",3,0.127443342509135,0.728932235187719,0.0924173561023814,0.00565255299982011,0.0255471625764424,0.00391426747608001
"3",4,0.129043973098899,0.722250655171719,0.0933532224462952,0.0056521601706169,0.0257126308310283,0.00392672137106869
