"","mtry","RMSE","Rsquared","MAE","RMSESD","RsquaredSD","MAESD"
"1",2,0.133881946084523,0.708915152448418,0.0999834816519026,0.00548953870783735,0.0232889881174829,0.0044088353523147
"2",3,0.134076695688965,0.706537674940175,0.0991508701169731,0.00556263343568665,0.023347247142379,0.00439773855771707
"3",5,0.135864487472751,0.69851931993609,0.0999793920782361,0.00571752512749794,0.0246039102894019,0.00454838453392861
