"","mtry","RMSE","Rsquared","MAE","RMSESD","RsquaredSD","MAESD"
"1",2,0.129517684011657,0.726705329115775,0.0973969792111394,0.0061729382095647,0.0264263220350338,0.00429241551945222
"2",3,0.129387167449491,0.72518296456498,0.0961000625177996,0.0065981004889765,0.0280414203243778,0.00450471939445708
"3",5,0.131628363005876,0.715132305475609,0.0971984740311333,0.00692764333393356,0.0295293109923239,0.00467042614498205
