"","mtry","RMSE","Rsquared","MAE","RMSESD","RsquaredSD","MAESD"
"1",2,0.132563576748934,0.711147309266617,0.0989070846850045,0.00604609951254689,0.0262057493500275,0.0045245763657218
"2",3,0.133158120767419,0.706960500793127,0.0982944345992619,0.00627721147177734,0.0269478017200881,0.00453549150951018
"3",5,0.135487204434642,0.696429340462438,0.0997726420552828,0.00676745401609931,0.0291624140255774,0.00485507206147497
