"","mtry","RMSE","Rsquared","MAE","RMSESD","RsquaredSD","MAESD"
"1",2,0.111789718724609,0.673441620966105,0.0823096599267865,0.00532729673878703,0.0307479571053408,0.00374042309986146
"2",3,0.111656059995504,0.672915334322845,0.0806264350526179,0.00559004056025445,0.0316587867914709,0.00384968586836121
"3",5,0.112370956646329,0.668608611670762,0.0804934455322505,0.00572476272221334,0.0324977635378023,0.00385622811794966
