"","mtry","RMSE","Rsquared","MAE","RMSESD","RsquaredSD","MAESD"
"1",2,0.561494190313522,0.742482408101282,0.376044196846936,0.0297848978000058,0.0353687391691487,0.017155880198141
"2",3,0.568002757776633,0.735853540536255,0.368585411407271,0.0307147896546129,0.0355068192593417,0.0179730832705798
"3",4,0.577408105624421,0.727390434869629,0.372345048331125,0.0319167353596025,0.0357369449350466,0.0182657547060534
