"","mtry","RMSE","Rsquared","MAE","RMSESD","RsquaredSD","MAESD"
"1",2,0.107099920548769,0.704609475039104,0.0770452224217114,0.00401414917493772,0.0243730283717079,0.00290206771903624
"2",3,0.108809613968888,0.694636953187402,0.0760439989914557,0.00421616523305768,0.0249920581545433,0.00306398637569347
"3",4,0.110134069289455,0.687502078498844,0.0766337495188094,0.00429343296918151,0.0254185347677299,0.00310004502658658
