"","mtry","RMSE","Rsquared","MAE","RMSESD","RsquaredSD","MAESD"
"1",2,0.113185621043094,0.667180663247861,0.0833551980493068,0.00491978266729115,0.0335852380025447,0.00333970815582118
"2",3,0.113582227764244,0.663656804116917,0.082151848873674,0.00541209418750666,0.0355103788030665,0.00367823948757928
"3",5,0.11509701161764,0.654631448590901,0.0825229022871191,0.00559417690089861,0.0367157201616374,0.00387293907125407
