"","mtry","RMSE","Rsquared","MAE","RMSESD","RsquaredSD","MAESD"
"1",2,0.110978711264301,0.681313413669483,0.0812006953450666,0.00503022569392598,0.0330533092529579,0.00342882566189614
"2",3,0.111097235726291,0.679365402638286,0.0796919914102702,0.00526380360508533,0.0333898500767543,0.00351925920775696
"3",5,0.112198517867082,0.672951556027849,0.0797353961341721,0.00540787974339864,0.0336896115786139,0.00356666443006151
