"","mtry","RMSE","Rsquared","MAE","RMSESD","RsquaredSD","MAESD"
"1",2,0.638113981502648,0.771175187333444,0.447330580153554,0.0321996397074046,0.0235410070646326,0.0182605842638503
"2",3,0.635904336921939,0.771994271527542,0.432741798266368,0.033403995934025,0.0238148336939825,0.018627645239893
"3",5,0.646144632292514,0.764664238368578,0.435355603867341,0.0331418592390374,0.0238486183225778,0.0188337268544465
