"","mtry","RMSE","Rsquared","MAE","RMSESD","RsquaredSD","MAESD"
"1",2,0.10825970770233,0.757442630773379,0.080927494994956,0.00477789653138999,0.0228446187946647,0.00319322197064201
"2",3,0.108353751895497,0.756057131602687,0.0791447333361588,0.00497082719540622,0.0236701297513573,0.00331090606419579
"3",5,0.11060742847673,0.745716045210064,0.0801997926429078,0.00521091996692016,0.0251124051243439,0.00340200085250186
