"","mtry","RMSE","Rsquared","MAE","RMSESD","RsquaredSD","MAESD"
"1",2,0.109939687023471,0.752216658319911,0.0818072815007056,0.00471607991078078,0.0235448703537969,0.00330890813483963
"2",3,0.110186696133633,0.750280858170513,0.0800441782506491,0.00503825904587474,0.0245837816112805,0.00353900515108873
"3",5,0.112565586356474,0.73934110521408,0.0810616885852148,0.00533626660056047,0.0260696840351679,0.00375962795139514
