"","mtry","RMSE","Rsquared","MAE","RMSESD","RsquaredSD","MAESD"
"1",2,0.108170520505778,0.760472507755714,0.0795505893116143,0.0040112611890427,0.0197422590089053,0.00269707101721071
"2",3,0.109932632360556,0.75232419976856,0.0782636753163602,0.00435605820415779,0.0210299132290892,0.00281784547178573
"3",4,0.111498286548947,0.745412219660718,0.0790604939170891,0.0043519786996983,0.0211387075863532,0.00279319729864418
