"","mtry","RMSE","Rsquared","MAE","RMSESD","RsquaredSD","MAESD"
"1",2,0.1024537800802,0.602511143717018,0.0776415337663096,0.00354116866341657,0.0247480276736359,0.00264307732733419
"2",3,0.102526774199112,0.601038830881762,0.0764834218521762,0.00376178828565997,0.0261777181617262,0.00275048811094224
"3",5,0.103159262315108,0.596339093534812,0.0763306859545706,0.00390599924353035,0.0271918679542474,0.00284698542606094
