"","mtry","RMSE","Rsquared","MAE","RMSESD","RsquaredSD","MAESD"
"1",2,0.468109325446464,0.624594054571451,0.3396171380309,0.0228013274182311,0.0333902541212128,0.0147583015680913
"2",3,0.469210687293768,0.621764086680384,0.334622013769365,0.0236654352675673,0.0343124814873731,0.0148369841844757
"3",5,0.475772446625436,0.611651725908769,0.336846593948104,0.0237082007553583,0.0344152223446238,0.0148706546354931
