"","mtry","RMSE","Rsquared","MAE","RMSESD","RsquaredSD","MAESD"
"1",2,0.100772725007194,0.615066116293578,0.075920755699663,0.00385814610473884,0.0285692768514059,0.00279217560526218
"2",3,0.10079232593544,0.613572271577736,0.0746542437925123,0.00397876993033057,0.0285878974286837,0.00281284216470396
"3",5,0.101924208791038,0.604979271769079,0.0750136350701537,0.00394650468195426,0.0284030507531135,0.00270384712242255
