"","mtry","RMSE","Rsquared","MAE","RMSESD","RsquaredSD","MAESD"
"1",2,0.0966933745605331,0.652208005455103,0.0718439707711675,0.00358512106392752,0.0257629633344496,0.00253412569172203
"2",3,0.0986440810939663,0.637946795121783,0.0716833233734005,0.0039093929749923,0.0272285327218733,0.0026772145417068
"3",4,0.0995974728484549,0.631345418115645,0.0721752158652793,0.003954747880593,0.0275556772083097,0.00268318869882795
