"","mtry","RMSE","Rsquared","MAE","RMSESD","RsquaredSD","MAESD"
"1",2,0.0870721521406932,0.617383730595423,0.0666643626147664,0.0034962872860336,0.0312063137279681,0.0026023693803145
"2",3,0.086880506905941,0.616991659824291,0.0657107361134709,0.00359109307368285,0.0313349798643208,0.00270399427691894
"3",5,0.0877529952288474,0.608903993250668,0.0660202461770955,0.00358386415954399,0.031571199697151,0.00272759277695113
