"","mtry","RMSE","Rsquared","MAE","RMSESD","RsquaredSD","MAESD"
"1",2,0.0861324233740342,0.62549156384282,0.0655733014614235,0.00318320243963098,0.0288011582054587,0.00234649540109864
"2",3,0.086023058468744,0.624575887035546,0.0646167518998296,0.00327122665345384,0.0286194034767726,0.00238949498239684
"3",5,0.0869436246854868,0.616171872301428,0.0648847396077233,0.00342426331588729,0.0298802354260517,0.00251871609154033
