"","mtry","RMSE","Rsquared","MAE","RMSESD","RsquaredSD","MAESD"
"1",2,0.0834324891887528,0.648177620723806,0.0618516890883632,0.00290953736302209,0.0262826029045068,0.00209598625760387
"2",3,0.0845839402061067,0.637537998632796,0.0615156052197725,0.00313967849730233,0.0279969342140215,0.00215248761156461
"3",4,0.0853335902058582,0.631314362842097,0.0619805718826528,0.00313030602175324,0.0281808112637329,0.00213690226576987
