"","mtry","RMSE","Rsquared","MAE","RMSESD","RsquaredSD","MAESD"
"1",2,0.0858873452311682,0.629783472426171,0.065737079569331,0.00338254102957472,0.0294965413491288,0.00267563589388469
"2",3,0.0855112907531888,0.631164170952349,0.0645561002732288,0.00359423844968753,0.0305720540657199,0.00275076721644104
"3",5,0.0862067400743216,0.624820410610311,0.064693149058634,0.00368057803083095,0.0307083311972855,0.00278302769676627
