"","mtry","RMSE","Rsquared","MAE","RMSESD","RsquaredSD","MAESD"
"1",2,0.116462386305196,0.719854071246464,0.0888051365421771,0.00415592134597872,0.0213362649509012,0.00292915227348302
"2",3,0.118262446984732,0.710937426760193,0.0890798862908491,0.00433127384007049,0.022154082941998,0.00297984437456611
"3",4,0.119440700657089,0.705392231824808,0.0897512049491566,0.00423366531547232,0.0218276599421498,0.00300072193078782
