"","mtry","RMSE","Rsquared","MAE","RMSESD","RsquaredSD","MAESD"
"1",2,0.121716925419567,0.693852701051004,0.0939513518584803,0.00388734545720892,0.0229586840756622,0.00297665141421784
"2",3,0.121999645286924,0.69145260535846,0.0932092177071482,0.00401736540962126,0.0228659448252631,0.00303492695721668
"3",5,0.123218456257581,0.685225708803799,0.0937293837975461,0.00390811164847925,0.0219662009394566,0.00297816123073255
