"","mtry","RMSE","Rsquared","MAE","RMSESD","RsquaredSD","MAESD"
"1",2,0.120462347972173,0.700635062394058,0.09277935065316,0.00400945006990799,0.0201094697327256,0.00264765576728608
"2",3,0.120689397506709,0.698398455487976,0.0919867345051155,0.00411724253948257,0.0204473696221626,0.00267121920538808
"3",5,0.122257638632315,0.690401556026819,0.0927624799593282,0.00431833416177498,0.0216593236243933,0.00290733262383027
