"","mtry","RMSE","Rsquared","MAE","RMSESD","RsquaredSD","MAESD"
"1",2,0.120426411010122,0.701369284193416,0.0928199241342227,0.00403022921589018,0.0230493621709656,0.00291115740455614
"2",3,0.120910254894731,0.697970199035599,0.0920711458685148,0.00416442885758719,0.0234320067184865,0.00297590978140725
"3",5,0.122310245314557,0.690882642022303,0.0927767693199022,0.00421335189022499,0.0238508245448989,0.00301321927160008
